ApplicationId,Year,Amount
9000246,2014,816374
9000247,2014,737972
9000248,2014,699792
9000249,2014,528330
9000250,2014,524104
9000251,2014,298514
9000252,2014,279357
9000253,2014,234136
9000254,2014,217377
9000255,2014,182638
9000256,2014,159666
9000257,2014,118445
9000258,2014,109500
9000259,2014,103846
9000260,2014,96737
9000261,2014,95240
9000262,2014,73686
9000263,2014,71991
9000264,2014,59437
9000265,2014,59072
9000266,2014,57281
9000267,2014,48813
9000268,2014,44839
9000269,2014,42881
9000270,2014,29198
9000271,2014,27374
9000272,2014,27143
9000273,2014,26094
9000274,2014,23566
9000275,2014,23014
9000276,2014,19402
9000277,2014,18498
9000278,2014,16452
9000280,2014,16284
9000279,2014,15586
9000281,2014,11218
9000282,2014,10985
9000283,2014,9602
9000284,2014,9530
9000285,2014,9336
9000286,2014,7941
9000287,2014,7171
9000288,2014,6992
9000289,2014,6842
9000290,2014,6239
9000291,2014,6078
9000292,2014,5425
9000220,2014,7960829
9000221,2014,5600003
9000222,2014,4875025
9000223,2014,4211083
9000224,2014,2768147
9000225,2014,1528971
9000226,2014,1144591
9000227,2014,1121941
9000228,2014,719020
9000229,2014,614305
9000230,2014,493754
9000231,2014,434656
9000232,2014,299431
9000233,2014,256307
9000234,2014,162226
9000235,2014,158763
9000236,2014,124099
9000237,2014,60051
9000238,2014,47370
9000239,2014,38245
9000240,2014,33010
9000241,2014,32151
9000242,2014,15472
9000243,2014,8011
9000244,2014,5553
9000245,2014,2764
1091491,2014,29993.3666666667
1092092,2014,36726.425
1092499,2014,7743.91666666667
1092503,2014,27555.5833333333
1092547,2014,17968.0666666667
1092674,2014,11041
1092852,2014,21507.5241666667
1092933,2014,7475.65833333333
1082894,2015,102942
1082910,2015,102942
1082922,2015,56932
1082924,2015,102942
1082934,2015,102942
1082989,2015,113863
1083009,2015,113863
1083057,2015,102942
1083090,2015,113863
1083101,2015,45545
1083105,2015,61765
1083136,2015,113863
1083298,2015,113863
1083309,2015,102942
1083311,2015,102942
1083394,2015,102942
1083572,2015,102942
1083656,2015,102942
1083811,2015,113863
1084163,2015,113863
1084254,2015,51471
1084344,2015,113863
1084351,2015,113863
1084417,2015,102942
1084706,2015,102942
1084816,2015,102942
1084927,2015,113863
1085203,2015,113863
1085509,2015,113863
1085662,2015,102942
1085752,2015,102942
1085754,2015,102942
1085842,2015,113863
1085984,2015,102942
1086029,2015,102942
1086825,2015,113863
1086977,2015,102942
1086993,2015,102942
1087062,2015,102942
1087114,2015,113863
1087172,2015,102942
1087836,2015,113863
1087957,2015,102942
1087975,2015,113863
1088737,2015,113863
1088855,2015,102942
1088966,2015,102942
1089039,2015,102942
1089966,2015,102942
1090148,2015,102942
1090221,2015,102942
1090236,2015,113863
1090415,2015,102942
1090440,2015,102942
1090445,2015,113863
1090456,2015,113863
1090505,2015,102942
1090507,2015,102942
1077898,2015,630543
1078046,2015,423124
1078068,2015,423267
1078106,2015,397125
1078190,2015,518158
1078444,2015,506113
1078557,2015,177708
1078579,2015,551896
1078609,2015,499626
1078927,2015,631183
1079022,2015,473350
1079078,2015,462155
1079102,2015,495072
1079421,2015,443489
1079502,2015,309561
1079625,2015,515289
1079648,2015,443703
1079864,2015,506361
1080401,2015,589386
1088279,2015,64651.3
1088295,2015,77359
1088313,2015,77359
1088318,2015,119279
1088334,2015,91211
1088366,2015,77359
1088389,2015,87779
1088426,2015,77359
1088436,2015,77359
1088448,2015,96767
1088449,2015,91751
1088535,2015,91211
1088634,2015,77359
1088673,2015,85091
1088703,2015,77359
1088733,2015,77359
1088735,2015,64651.3
1088738,2015,64651.3
1088785,2015,77359
1088813,2015,77359
1088930,2015,77359
1088964,2015,77359
1089072,2015,77359
1089250,2015,77359
1089395,2015,77359
1089398,2015,46179.5
1089403,2015,77359
1089415,2015,38679.5
1089698,2015,108563
1089718,2015,77359
1089763,2015,77359
1089853,2015,92359
1089898,2015,46179.5
1090035,2015,77359
1090108,2015,77359
1090129,2015,77359
1090146,2015,77359
1090184,2015,77359
1090204,2015,125987
1090229,2015,135514
1090302,2015,64651.3
1090351,2015,77359
1090403,2015,77359
1090408,2015,77359
1090428,2015,135357
1090444,2015,99179
1090462,2015,77359
1090500,2015,46179.5
1090510,2015,92359
1090517,2015,77359
1090521,2015,77359
1090612,2015,100511
1090644,2015,77359
1090648,2015,77359
1090678,2015,64651.3
1090694,2015,125935
1090716,2015,109895
1090759,2015,77359
1090778,2015,84859
1090828,2015,54151.3
1090875,2015,100511
1090888,2015,77359
1090890,2015,87359
1090898,2015,77359
1090904,2015,81109
1090906,2015,46179.5
1090952,2015,110134
1090992,2015,77359
1090993,2015,100511
1090997,2015,92359
1091003,2015,77359
1091006,2015,77359
1091011,2015,77359
1091097,2015,95651
1091158,2015,38679.5
1091211,2015,90455
1091221,2015,77359
1091226,2015,77359
1091257,2015,108563
1091310,2015,91211
1091387,2015,46179.5
1091415,2015,139234
1091418,2015,92359
1091516,2015,77359
1091520,2015,77359
1091536,2015,92359
1091544,2015,89783
1091551,2015,64651.3
1091571,2015,143411
1091586,2015,77359
1091589,2015,77359
1091628,2015,46415.4
1091636,2015,77359
1091657,2015,77359
1091688,2015,77359
1091733,2015,38679.5
1091734,2015,77359
1091751,2015,92359
1091816,2015,77359
1091843,2015,125987
1091855,2015,84859
1091878,2015,77359
1091911,2015,108563
1091948,2015,110651
1091976,2015,77359
1092005,2015,77359
1092023,2015,77359
1092028,2015,92359
1092046,2015,77359
1092066,2015,77359
1092077,2015,97835
1092089,2015,77359
1092136,2015,77359
1092153,2015,46179.5
1092158,2015,95651
1092160,2015,92359
1092170,2015,77359
1092183,2015,77359
1092191,2015,88115
1092264,2015,77359
1092280,2015,77359
1092440,2015,77359
1092451,2015,110134
1092576,2015,92359
1092616,2015,77359
628344,2015,122329
630516,2015,135162
628404,2015,164074
1091491,2015,353253.733333333
1092092,2015,434728.733333333
1092499,2015,97927
1092503,2015,333869.275
1092547,2015,224134.529166667
1092674,2015,133330
1092852,2015,254827.453333333
1092933,2015,89923.8041666667
1077750,2015,153539
1077769,2015,262173
1077788,2015,154851
1077789,2015,317824
1077791,2015,206610
1077792,2015,183164
1077799,2015,234686
1077804,2015,125262
1077806,2015,161646
1077859,2015,198743
1077905,2015,202960
1077931,2015,238800
1077989,2015,279361
1078026,2015,297027
1078042,2015,290745
1078065,2015,280728
1078069,2015,201102
1078077,2015,211169
1078113,2015,105755
1078117,2015,168165
1078118,2015,186271
1078134,2015,173539
1078142,2015,151533
1078159,2015,108709
1078214,2015,172515
1078247,2015,140466
1078273,2015,213164
1078280,2015,201271
1078300,2015,130000
1078333,2015,479019
1078345,2015,307416
1078379,2015,212825
1078442,2015,214888
1078464,2015,143369
1078468,2015,207825
1078471,2015,230065
1078600,2015,241672
1078624,2015,259061
1078642,2015,216067
1078643,2015,140992
1078649,2015,536949
1078694,2015,122359
1078697,2015,211271
1078707,2015,245473
1078749,2015,150539
1078756,2015,326953
1078763,2015,195262
1078877,2015,287077
1078879,2015,202994
1078893,2015,201271
1078907,2015,183164
1078918,2015,155390
1078924,2015,140262
1078928,2015,115466
1078930,2015,228596
1078943,2015,188164
1078978,2015,204067
1078987,2015,132359
1079058,2015,168164
1079086,2015,212825
1079089,2015,264786
1079148,2015,131646
1079150,2015,195092
1079157,2015,117189
1079158,2015,224615
1079160,2015,189566
1079179,2015,104325
1079180,2015,198164
1079184,2015,222251
1079193,2015,217825
1079211,2015,175058
1079233,2015,198164
1079234,2015,212825
1079250,2015,173369
1079309,2015,127359
1079318,2015,204378
1079319,2015,214378
1079351,2015,168539
1079362,2015,494818
1079364,2015,261271
1079369,2015,214093
1079460,2015,365651
1079475,2015,206271
1079501,2015,981074
1079522,2015,182968
1079542,2015,314718
1079583,2015,119652
1079586,2015,199718
1079616,2015,223122
1079645,2015,239446
1079668,2015,363993
1079670,2015,201271
1079671,2015,183164
1079672,2015,193164
1079680,2015,231186
1079696,2015,779980
1079706,2015,197824
1079712,2015,264611
1079720,2015,162884
1079739,2015,92359
1079753,2015,98161
1079756,2015,198369
1079762,2015,120466
1079834,2015,295630
1079866,2015,229174
1079891,2015,158369
1079893,2015,221271
1079924,2015,214378
1079930,2015,283417
1079946,2015,207824
1079956,2015,136545
1079995,2015,159849
1080007,2015,150505
1080020,2015,87218
1080036,2015,165602
1080045,2015,217825
1080131,2015,217636
1080146,2015,222484
1080157,2015,71010
1080183,2015,208810
1080186,2015,233539
1080197,2015,239718
1080204,2015,212018
1080246,2015,160185
1080253,2015,112359
1080259,2015,216497
1080274,2015,213265
1080298,2015,551288
1080302,2015,97359
1080307,2015,90805
1080329,2015,112359
1080330,2015,201271
1080333,2015,112359
1080387,2015,142359
1080391,2015,171271
1080405,2015,193164
1080465,2015,168369
1080468,2015,173293
1080473,2015,153369
1080491,2015,213164
1080492,2015,271271
1080498,2015,240727
1080505,2015,132359
1080507,2015,178539
1080521,2015,235632
1080530,2015,137359
1080560,2015,173164
1080582,2015,635149
1080587,2015,479344
1080604,2015,347077
1080606,2015,177825
1080652,2015,176271
1080673,2015,158164
1080682,2015,295184
1080706,2015,249425
1080746,2015,193867
1080774,2015,278538
1080784,2015,204378
1080920,2015,729984
1080938,2015,106831
1080976,2015,112359
1080985,2015,531614
1080995,2015,217824
1081001,2015,219005
1081013,2015,168539
1081026,2015,472869
1081072,2015,207825
1081124,2015,99938
1081151,2015,102359
1081167,2015,141545
1081178,2015,240262
1081182,2015,314378
1081221,2015,95466
1081225,2015,251271
1081242,2015,188539
1081252,2015,197825
1081272,2015,211271
1081290,2015,173538
1081312,2015,203165
1081320,2015,482447
1081344,2015,118471
1081355,2015,183178
1081373,2015,216271
1081376,2015,219378
1081412,2015,140466
1081433,2015,295381
1081441,2015,184518
1081443,2015,753157
1081453,2015,212825
1081461,2015,122359
1081473,2015,213164
1081478,2015,247057
1081516,2015,247961
1081564,2015,196271
1081603,2015,275805
1081667,2015,238199
1081710,2015,260061
1081718,2015,243538
1081733,2015,229378
1081734,2015,117887
1081736,2015,418707
1081743,2015,121962
1081770,2015,178539
1081786,2015,203164
1081801,2015,202825
1081844,2015,209718
1081852,2015,199248
1081869,2015,209378
1081874,2015,112359
1081901,2015,222689
1081911,2015,163197
1081916,2015,373087
1081923,2015,180092
1081933,2015,183164
1081944,2015,238265
1081947,2015,206711
1081954,2015,145262
1081984,2015,249566
1081987,2015,192725
1082022,2015,202825
1082051,2015,187825
1082076,2015,151303
1082090,2015,199718
1082127,2015,275523
1082144,2015,236079
1082157,2015,196271
1082159,2015,183165
1082197,2015,386508
1082204,2015,198164
1082215,2015,178539
1082224,2015,174733
1082250,2015,162497
1082253,2015,185246
1082257,2015,217825
1082261,2015,145067
1082271,2015,189745
1082307,2015,450020
1082313,2015,223164
1082317,2015,199718
1082318,2015,132359
1082336,2015,340932
1082342,2015,145092
1082358,2015,567945
1082364,2015,207883
1082383,2015,168164
1082401,2015,188539
1082403,2015,217825
1082406,2015,204189
1082438,2015,331362
1082439,2015,246911
1082450,2015,216271
1082458,2015,178164
1082480,2015,466248
1082524,2015,190932
1082533,2015,225743
1082556,2015,196917
1082570,2015,211182
1082572,2015,164452
1082599,2015,178164
1082600,2015,226271
1082619,2015,168369
1082665,2015,260700
1082668,2015,190003
1082914,2015,136831
1083006,2015,201271
1083010,2015,252702
1083026,2015,187533
1083036,2015,107359
1083054,2015,97359
1083064,2015,114100
1083077,2015,305897
1083079,2015,153369
1083116,2015,229113
1083131,2015,242825
1083138,2015,107359
1083139,2015,228164
1083152,2015,212824
1083172,2015,195645
1083176,2015,217085
1083187,2015,665493
1083192,2015,232297
1083198,2015,219718
1083209,2015,204718
1083307,2015,150466
1083314,2015,166842
1083334,2015,170092
1083405,2015,85466
1083408,2015,180466
1083450,2015,154938
1083456,2015,252359
1083468,2015,176646
1083480,2015,221271
1083495,2015,376263
1083496,2015,194718
1083520,2015,214732
1083536,2015,168164
1083539,2015,162825
1083548,2015,135466
1083569,2015,189718
1083596,2015,192995
1083600,2015,182825
1083612,2015,193164
1083664,2015,142359
1083685,2015,130805
1083690,2015,135466
1083704,2015,125805
1083707,2015,106831
1083744,2015,165262
1083747,2015,142359
1083779,2015,163384
1083837,2015,208164
1083855,2015,243924
1083857,2015,150466
1083885,2015,115805
1083896,2015,163369
1083898,2015,168369
1083927,2015,328639
1083938,2015,247366
1083942,2015,208164
1083961,2015,261271
1083964,2015,68090
1083980,2015,229548
1084015,2015,257451
1084017,2015,293895
1084018,2015,163539
1084032,2015,493317
1084043,2015,122359
1084050,2015,250558
1084052,2015,159067
1084081,2015,183127
1084083,2015,237825
1084130,2015,209887
1084136,2015,145466
1084197,2015,186316
1084230,2015,245257
1084237,2015,117359
1084240,2015,183369
1084244,2015,329876
1084246,2015,194718
1084248,2015,257354
1084256,2015,201271
1084266,2015,231067
1084267,2015,325058
1084283,2015,242825
1084325,2015,205449
1084342,2015,105000
1084347,2015,186301
1084352,2015,240800
1084376,2015,249142
1084387,2015,125466
1084416,2015,272308
1084429,2015,308586
1084454,2015,265532
1084460,2015,115466
1084462,2015,199718
1084487,2015,198164
1084504,2015,170466
1084509,2015,145466
1084531,2015,233286
1084544,2015,131303
1084560,2015,147359
1084580,2015,199949
1084600,2015,186842
1084604,2015,239531
1084621,2015,199718
1084627,2015,239378
1084648,2015,176646
1084657,2015,582569
1084672,2015,108913
1084693,2015,178242
1084739,2015,246082
1084750,2015,102359
1084767,2015,179833
1084772,2015,188164
1084775,2015,169265
1084778,2015,132359
1084782,2015,149652
1084797,2015,249004
1084805,2015,127359
1084869,2015,234718
1084880,2015,196441
1084889,2015,137359
1084890,2015,190149
1084893,2015,198164
1084913,2015,283630
1084922,2015,171842
1084941,2015,175246
1084944,2015,187824
1084947,2015,494435
1084952,2015,207887
1084964,2015,226271
1084965,2015,282621
1084967,2015,355466
1084990,2015,312825
1084994,2015,174718
1085014,2015,165262
1085015,2015,193164
1085017,2015,240915
1085018,2015,245915
1085045,2015,107359
1085058,2015,110466
1085062,2015,151819
1085080,2015,126303
1085109,2015,137359
1085130,2015,95466
1085142,2015,280863
1085143,2015,214718
1085151,2015,195262
1085156,2015,171985
1085159,2015,243669
1085191,2015,227825
1085221,2015,132359
1085240,2015,226271
1085272,2015,97359
1085302,2015,264379
1085309,2015,183165
1085310,2015,145262
1085323,2015,198164
1085328,2015,149167
1085331,2015,178164
1085340,2015,107359
1085359,2015,191271
1085364,2015,100534
1085367,2015,220932
1085372,2015,232094
1085403,2015,211271
1085404,2015,133709
1085410,2015,131985
1085411,2015,243920
1085435,2015,192824
1085450,2015,140262
1085460,2015,197887
1085461,2015,114826
1085483,2015,130466
1085531,2015,248650
1085550,2015,209497
1085596,2015,302077
1085606,2015,256188
1085637,2015,209331
1085708,2015,158709
1085718,2015,189718
1085765,2015,211271
1085775,2015,192825
1085832,2015,574420
1085875,2015,192824
1085934,2015,286413
1085942,2015,347359
1085977,2015,219378
1085981,2015,196271
1085996,2015,196271
1086020,2015,188164
1086082,2015,220058
1086083,2015,117359
1086100,2015,206743
1086141,2015,459198
1086145,2015,206271
1086178,2015,194718
1086181,2015,181646
1086188,2015,409178
1086192,2015,149055
1086227,2015,189718
1086256,2015,181271
1086267,2015,172112
1086291,2015,197824
1086302,2015,275829
1086311,2015,193164
1086386,2015,412887
1086451,2015,168369
1086530,2015,139182
1086540,2015,257451
1086580,2015,138726
1086643,2015,95466
1086656,2015,102359
1086662,2015,207723
1086673,2015,240000
1086683,2015,464275
1086685,2015,132359
1086727,2015,211271
1086732,2015,162699
1086754,2015,171815
1086770,2015,127359
1086774,2015,321194
1086786,2015,306537
1086796,2015,158709
1086804,2015,314717
1086817,2015,196144
1086850,2015,227825
1086851,2015,299714
1086855,2015,80805
1086865,2015,222187
1086887,2015,189718
1086952,2015,643778
1087006,2015,195622
1087045,2015,232270
1087125,2015,199718
1087192,2015,296338
1087200,2015,299829
1087224,2015,204718
1087248,2015,255898
1087271,2015,174167
1087290,2015,139595
1087297,2015,129167
1087308,2015,197824
1087341,2015,191646
1087355,2015,130196
1087407,2015,419520
1087408,2015,214378
1087560,2015,139352
1087665,2015,135805
1087683,2015,379265
1087689,2015,135466
1087700,2015,128690
1087713,2015,173369
1087735,2015,166842
1087743,2015,238165
1087781,2015,325353
1087850,2015,216271
1087889,2015,52733
1087972,2015,217042
1087986,2015,439741
1088005,2015,151985
1088076,2015,237539
1088118,2015,122359
1088122,2015,257354
1088123,2015,70000
1088144,2015,215346
1088214,2015,182825
1088215,2015,142613
1088242,2015,165466
1088353,2015,216271
1088377,2015,101280
1088390,2015,201271
1088405,2015,303187
1088419,2015,176788
1088455,2015,416690
1088489,2015,148814
1088517,2015,501642
1088564,2015,239174
1088646,2015,245932
1088683,2015,245774
1088711,2015,218164
1088826,2015,132288
1088902,2015,199548
1088931,2015,210746
1088952,2015,137910
1089056,2015,421881
1089104,2015,191180
1089138,2015,183164
1089167,2015,128879
1089252,2015,150466
1089270,2015,130466
1089404,2015,712825
1089497,2015,226271
1089838,2015,145466
1090116,2015,282825
1090122,2015,86456
1090198,2015,86456
1091641,2015,86456
1091695,2015,86456
1091833,2015,86456
1092085,2015,86456
1092266,2015,86456
1092508,2015,86456
1092560,2015,86456
1092680,2015,86456
1078477,2015,52536
1078483,2015,91937
1078567,2015,110287
1078980,2015,110287
1079329,2015,91937
1079388,2015,110287
1079478,2015,110287
1079777,2015,78803
1079785,2015,110287
1079842,2015,91937
1080518,2015,78803
1080820,2015,91937
1081884,2015,110287
1082186,2015,65670
1082548,2015,110287
1083920,2015,91937
1084178,2015,94532
1077633,2015,122329
1077636,2015,150162
1077677,2015,122329
1077691,2015,122329
1077694,2015,150162
1077703,2015,122329
1077867,2015,167383
1077934,2015,135162
1077966,2015,135162
1078029,2015,182383
1078037,2015,177383
1078061,2015,182383
1078164,2015,135162
1078168,2015,137329
1078186,2015,122329
1078220,2015,122329
1078243,2015,167383
1078360,2015,122329
1078399,2015,147996
1078407,2015,147996
1078494,2015,122329
1078523,2015,150162
1078541,2015,135162
1078671,2015,182383
1078730,2015,182383
1078737,2015,182383
1078752,2015,167383
1078808,2015,182383
1078901,2015,147996
1078985,2015,122329
1079004,2015,122329
1079133,2015,122329
1079136,2015,167383
1079187,2015,162996
1079238,2015,162996
1079257,2015,147996
1079267,2015,137329
1079301,2015,137329
1079352,2015,135162
1079400,2015,167383
1079422,2015,135162
1079438,2015,135162
1079467,2015,122329
1079492,2015,162996
1079561,2015,167383
1079611,2015,135162
1079621,2015,137329
1079646,2015,135162
1079679,2015,182383
1079700,2015,122329
1079715,2015,137329
1079904,2015,122329
1079929,2015,147996
1080001,2015,135162
1080042,2015,167383
1080206,2015,147996
1080321,2015,162996
1080404,2015,137329
1080593,2015,147996
1080806,2015,122329
1080856,2015,182383
1080887,2015,167383
1080963,2015,122329
1081143,2015,167383
1081175,2015,147996
1081288,2015,122329
1081328,2015,122329
1081334,2015,162996
1081356,2015,167383
1081421,2015,122329
1081858,2015,167383
1082045,2015,147996
1082138,2015,182383
1082141,2015,167383
586607,2015,135162
586651,2015,147996
586675,2015,122329
596825,2015,122329
603104,2015,122329
603124,2015,122329
606411,2015,122329
613638,2015,167383
613674,2015,135162
620500,2015,137329
626906,2015,122329
627002,2015,135162
628319,2015,122329
628386,2015,182383
628426,2015,135162
628471,2015,162996
630445,2015,122329
631384,2015,122329
631386,2015,147996
631421,2015,135162
632900,2015,162966
632909,2015,135162
634304,2015,135162
1076729,2015,402938
1076774,2015,159975
1076796,2015,274536
1076817,2015,244946
585458,2015,147996
586656,2015,167383
595913,2015,167383
634341,2015,147996
637306,2015,147996
1082894,2016,102942
1082910,2016,102942
1082922,2016,56932
1082924,2016,102942
1082934,2016,102942
1082989,2016,113863
1083009,2016,113863
1083057,2016,102942
1083090,2016,113863
1083101,2016,45545
1083105,2016,61765
1083136,2016,113863
1083298,2016,113863
1083309,2016,102942
1083311,2016,102942
1083394,2016,102942
1083572,2016,102942
1083656,2016,102942
1083811,2016,113863
1084163,2016,113863
1084254,2016,51471
1084344,2016,113863
1084351,2016,113863
1084417,2016,102942
1084706,2016,102942
1084816,2016,102942
1084927,2016,113863
1085203,2016,113863
1085509,2016,113863
1085662,2016,102942
1085752,2016,102942
1085754,2016,102942
1085842,2016,113863
1085984,2016,102942
1086029,2016,102942
1086825,2016,113863
1086977,2016,102942
1086993,2016,102942
1087062,2016,102942
1087114,2016,113863
1087172,2016,102942
1087836,2016,113863
1087957,2016,102942
1087975,2016,113863
1088737,2016,113863
1088855,2016,102942
1088966,2016,102942
1089039,2016,102942
1089966,2016,102942
1090148,2016,102942
1090221,2016,102942
1090236,2016,113863
1090415,2016,102942
1090440,2016,102942
1090445,2016,113863
1090456,2016,113863
1090505,2016,102942
1090507,2016,102942
1077898,2016,667229
1078046,2016,514942
1078068,2016,578454
1078106,2016,614309
1078190,2016,493158
1078444,2016,506113
1078557,2016,598251
1078579,2016,593915
1078609,2016,500093
1078927,2016,736462
1079022,2016,561986
1079078,2016,514200
1079102,2016,495072
1079421,2016,706723
1079502,2016,641310
1079625,2016,574058
1079648,2016,518227
1079864,2016,524505
1080401,2016,460295
1088279,2016,64651.3
1088295,2016,77359
1088313,2016,77359
1088318,2016,119279
1088334,2016,91211
1088366,2016,77359
1088389,2016,87779
1088426,2016,77359
1088436,2016,77359
1088448,2016,96767
1088449,2016,91751
1088535,2016,91211
1088634,2016,77359
1088673,2016,85091
1088703,2016,77359
1088733,2016,77359
1088735,2016,64651.3
1088738,2016,64651.3
1088785,2016,77359
1088813,2016,77359
1088930,2016,77359
1088964,2016,77359
1089072,2016,77359
1089250,2016,77359
1089395,2016,77359
1089398,2016,46179.5
1089403,2016,77359
1089415,2016,38679.5
1089698,2016,108563
1089718,2016,77359
1089763,2016,77359
1089853,2016,92359
1089898,2016,46179.5
1090035,2016,77359
1090108,2016,77359
1090129,2016,77359
1090146,2016,77359
1090184,2016,77359
1090204,2016,125987
1090229,2016,135514
1090302,2016,64651.3
1090351,2016,77359
1090403,2016,77359
1090408,2016,77359
1090428,2016,135357
1090444,2016,99179
1090462,2016,77359
1090500,2016,46179.5
1090510,2016,92359
1090517,2016,77359
1090521,2016,77359
1090612,2016,100511
1090644,2016,77359
1090648,2016,77359
1090678,2016,64651.3
1090694,2016,125935
1090716,2016,109895
1090759,2016,77359
1090778,2016,84859
1090828,2016,54151.3
1090875,2016,100511
1090888,2016,77359
1090890,2016,87359
1090898,2016,77359
1090904,2016,81109
1090906,2016,46179.5
1090952,2016,110134
1090992,2016,77359
1090993,2016,100511
1090997,2016,92359
1091003,2016,77359
1091006,2016,77359
1091011,2016,77359
1091097,2016,95651
1091158,2016,38679.5
1091211,2016,90455
1091221,2016,77359
1091226,2016,77359
1091257,2016,108563
1091310,2016,91211
1091387,2016,46179.5
1091415,2016,139234
1091418,2016,92359
1091516,2016,77359
1091520,2016,77359
1091536,2016,92359
1091544,2016,89783
1091551,2016,64651.3
1091571,2016,143411
1091586,2016,77359
1091589,2016,77359
1091628,2016,46415.4
1091636,2016,77359
1091657,2016,77359
1091688,2016,77359
1091733,2016,38679.5
1091734,2016,77359
1091751,2016,92359
1091816,2016,77359
1091843,2016,125987
1091855,2016,84859
1091878,2016,77359
1091911,2016,108563
1091948,2016,110651
1091976,2016,77359
1092005,2016,77359
1092023,2016,77359
1092028,2016,92359
1092046,2016,77359
1092066,2016,77359
1092077,2016,97835
1092089,2016,77359
1092136,2016,77359
1092153,2016,46179.5
1092158,2016,95651
1092160,2016,92359
1092170,2016,77359
1092183,2016,77359
1092191,2016,88115
1092264,2016,77359
1092280,2016,77359
1092440,2016,77359
1092451,2016,110134
1092576,2016,92359
1092616,2016,77359
1091491,2016,280337.066666667
1092092,2016,367348.683333333
1092499,2016,149177
1092503,2016,364823.4875
1092547,2016,326146.575
1092674,2016,142080
1092852,2016,216973.129166667
1092933,2016,91730.3625
1077750,2016,224718
1077769,2016,262173
1077788,2016,159851
1077789,2016,207824
1077791,2016,156610
1077792,2016,178164
1077799,2016,234686
1077804,2016,125262
1077806,2016,161646
1077859,2016,228656
1077905,2016,202960
1077931,2016,220897
1077989,2016,279361
1078026,2016,945061
1078042,2016,320745
1078065,2016,255728
1078069,2016,254274
1078077,2016,302076
1078113,2016,108846
1078117,2016,183165
1078118,2016,176271
1078134,2016,173539
1078142,2016,218376
1078159,2016,123709
1078214,2016,158881
1078247,2016,130466
1078273,2016,173164
1078280,2016,201271
1078300,2016,130000
1078333,2016,459019
1078345,2016,162016
1078379,2016,217825
1078442,2016,214888
1078464,2016,133369
1078468,2016,207825
1078471,2016,215065
1078600,2016,201672
1078624,2016,516675
1078642,2016,216067
1078643,2016,135992
1078649,2016,639584
1078694,2016,122359
1078697,2016,211271
1078707,2016,250473
1078749,2016,164718
1078756,2016,326953
1078763,2016,195262
1078877,2016,255167
1078879,2016,197994
1078893,2016,201271
1078907,2016,208164
1078918,2016,217793
1078924,2016,165262
1078928,2016,201271
1078930,2016,223210
1078943,2016,216169
1078978,2016,256303
1078987,2016,137359
1079058,2016,288164
1079086,2016,222825
1079089,2016,254656
1079148,2016,489199
1079150,2016,205092
1079157,2016,173369
1079158,2016,229615
1079160,2016,189566
1079179,2016,89853
1079180,2016,198164
1079184,2016,222251
1079193,2016,222825
1079211,2016,170058
1079233,2016,188164
1079234,2016,207825
1079250,2016,173369
1079309,2016,147359
1079318,2016,204378
1079319,2016,214378
1079351,2016,168539
1079362,2016,294818
1079364,2016,236271
1079369,2016,219093
1079460,2016,304916
1079475,2016,226271
1079501,2016,1086074
1079522,2016,192968
1079542,2016,405998
1079583,2016,119652
1079586,2016,219378
1079616,2016,203122
1079645,2016,234446
1079668,2016,316350
1079670,2016,206271
1079671,2016,183164
1079672,2016,188164
1079680,2016,212782
1079696,2016,884980
1079706,2016,197824
1079712,2016,264083
1079720,2016,233692
1079739,2016,92359
1079753,2016,46581
1079756,2016,216102
1079762,2016,120466
1079834,2016,278630
1079866,2016,234174
1079891,2016,230728
1079893,2016,221271
1079924,2016,214378
1079930,2016,242417
1079946,2016,237824
1079956,2016,140819
1079995,2016,140906
1080007,2016,160505
1080020,2016,153638
1080036,2016,198504
1080045,2016,207825
1080131,2016,212636
1080146,2016,222484
1080157,2016,136476
1080183,2016,198810
1080186,2016,245058
1080197,2016,314718
1080204,2016,212018
1080246,2016,150185
1080253,2016,248164
1080259,2016,127950
1080274,2016,213265
1080298,2016,505233
1080302,2016,174718
1080307,2016,235462
1080329,2016,122359
1080330,2016,231271
1080333,2016,117359
1080387,2016,142359
1080391,2016,186271
1080405,2016,193164
1080465,2016,260388
1080468,2016,155262
1080473,2016,153369
1080491,2016,228164
1080492,2016,221271
1080498,2016,255727
1080505,2016,157359
1080507,2016,193539
1080521,2016,190632
1080530,2016,107359
1080560,2016,188164
1080582,2016,645020
1080587,2016,484344
1080604,2016,392077
1080606,2016,199633
1080652,2016,176271
1080673,2016,228164
1080682,2016,290184
1080706,2016,250882
1080746,2016,257009
1080774,2016,108538
1080784,2016,204378
1080920,2016,900524
1080938,2016,96831
1080976,2016,192825
1080985,2016,395558
1080995,2016,217824
1081001,2016,193708
1081013,2016,168539
1081026,2016,561082
1081072,2016,207825
1081124,2016,99938
1081151,2016,112359
1081167,2016,146545
1081178,2016,295262
1081182,2016,314378
1081221,2016,100466
1081225,2016,211271
1081242,2016,183539
1081252,2016,197825
1081272,2016,211271
1081290,2016,173538
1081312,2016,208165
1081320,2016,244842
1081344,2016,118471
1081355,2016,201353
1081373,2016,216271
1081376,2016,249378
1081412,2016,130466
1081433,2016,338114
1081441,2016,184518
1081443,2016,800219
1081453,2016,217825
1081461,2016,122359
1081473,2016,223164
1081478,2016,243379
1081516,2016,247961
1081564,2016,196271
1081603,2016,253164
1081667,2016,193199
1081710,2016,221271
1081718,2016,248538
1081733,2016,229378
1081734,2016,192370
1081736,2016,388707
1081743,2016,368572
1081770,2016,228539
1081786,2016,188164
1081801,2016,202825
1081844,2016,219718
1081852,2016,173978
1081869,2016,234378
1081874,2016,190246
1081901,2016,185453
1081911,2016,163197
1081916,2016,343087
1081923,2016,266272
1081933,2016,193164
1081944,2016,273265
1081947,2016,353882
1081954,2016,145262
1081984,2016,230932
1081987,2016,197725
1082022,2016,182825
1082051,2016,192825
1082076,2016,111831
1082090,2016,209718
1082127,2016,399061
1082144,2016,215346
1082157,2016,196271
1082159,2016,183165
1082197,2016,270322
1082204,2016,198164
1082215,2016,178539
1082224,2016,169733
1082250,2016,167497
1082253,2016,185246
1082257,2016,217825
1082261,2016,177274
1082271,2016,194745
1082307,2016,98438
1082313,2016,223164
1082317,2016,199718
1082318,2016,137359
1082336,2016,130466
1082342,2016,187825
1082358,2016,387558
1082364,2016,258935
1082383,2016,173164
1082401,2016,224718
1082403,2016,217825
1082406,2016,204189
1082438,2016,336362
1082439,2016,221271
1082450,2016,221271
1082458,2016,145262
1082480,2016,367724
1082524,2016,170932
1082533,2016,225743
1082556,2016,196917
1082570,2016,299925
1082572,2016,153913
1082599,2016,178164
1082600,2016,226271
1082619,2016,173369
1082665,2016,255700
1082668,2016,140003
1082914,2016,254201
1083006,2016,201271
1083010,2016,293881
1083026,2016,105262
1083036,2016,102359
1083054,2016,189718
1083064,2016,129100
1083077,2016,198538
1083079,2016,263369
1083116,2016,204513
1083131,2016,207825
1083138,2016,157359
1083139,2016,193164
1083152,2016,212824
1083172,2016,226430
1083176,2016,202085
1083187,2016,126646
1083192,2016,232297
1083198,2016,219718
1083209,2016,204718
1083307,2016,196271
1083314,2016,151842
1083334,2016,170092
1083405,2016,85466
1083408,2016,505466
1083450,2016,149938
1083456,2016,353010
1083468,2016,196646
1083480,2016,221271
1083495,2016,301263
1083496,2016,194718
1083520,2016,222893
1083536,2016,183164
1083539,2016,162825
1083548,2016,140466
1083569,2016,184718
1083596,2016,192995
1083600,2016,182825
1083612,2016,193164
1083664,2016,160262
1083685,2016,130805
1083690,2016,120466
1083704,2016,211271
1083707,2016,116831
1083744,2016,165262
1083747,2016,178539
1083779,2016,235488
1083837,2016,208164
1083855,2016,153924
1083857,2016,150466
1083885,2016,115805
1083896,2016,183369
1083898,2016,138369
1083927,2016,22093
1083938,2016,262366
1083942,2016,198164
1083961,2016,211271
1083964,2016,322359
1083980,2016,330728
1084015,2016,283630
1084017,2016,156985
1084018,2016,173539
1084032,2016,526050
1084043,2016,122359
1084050,2016,250558
1084052,2016,149067
1084081,2016,182027
1084083,2016,242825
1084130,2016,209887
1084136,2016,135466
1084197,2016,181316
1084230,2016,215257
1084237,2016,154167
1084240,2016,173369
1084244,2016,1800681
1084246,2016,194718
1084248,2016,257354
1084256,2016,211271
1084266,2016,241067
1084267,2016,225058
1084283,2016,217825
1084325,2016,273054
1084342,2016,66180
1084347,2016,171301
1084352,2016,245800
1084376,2016,270307
1084387,2016,131833
1084416,2016,272308
1084429,2016,479806
1084454,2016,235146
1084460,2016,115466
1084462,2016,194718
1084487,2016,254344
1084504,2016,211646
1084509,2016,173556
1084531,2016,280633
1084544,2016,201303
1084560,2016,152359
1084580,2016,174949
1084600,2016,186842
1084604,2016,214531
1084621,2016,199718
1084627,2016,239378
1084648,2016,171646
1084657,2016,799743
1084672,2016,181646
1084693,2016,148242
1084739,2016,236082
1084750,2016,102359
1084767,2016,184833
1084772,2016,203164
1084775,2016,211271
1084778,2016,122359
1084782,2016,154652
1084797,2016,244004
1084805,2016,219378
1084869,2016,224718
1084880,2016,186441
1084889,2016,122359
1084890,2016,170149
1084893,2016,198164
1084913,2016,283630
1084922,2016,206325
1084941,2016,175246
1084944,2016,197824
1084947,2016,444435
1084952,2016,87490
1084964,2016,226271
1084965,2016,297621
1084967,2016,350466
1084990,2016,332825
1084994,2016,174718
1085014,2016,165262
1085015,2016,203164
1085017,2016,240915
1085018,2016,245915
1085045,2016,188665
1085058,2016,110466
1085062,2016,242999
1085080,2016,256769
1085109,2016,152359
1085130,2016,95466
1085142,2016,365863
1085143,2016,194718
1085151,2016,175262
1085156,2016,213164
1085159,2016,203030
1085191,2016,227825
1085221,2016,122359
1085240,2016,231271
1085272,2016,117359
1085302,2016,254379
1085309,2016,208165
1085310,2016,155262
1085323,2016,198164
1085328,2016,139167
1085331,2016,168164
1085340,2016,102359
1085359,2016,303290
1085364,2016,95534
1085367,2016,270932
1085372,2016,187297
1085403,2016,206271
1085404,2016,133709
1085410,2016,136985
1085411,2016,268920
1085435,2016,192824
1085450,2016,177069
1085460,2016,107887
1085461,2016,131661
1085483,2016,130466
1085531,2016,338650
1085550,2016,209497
1085596,2016,301408
1085606,2016,276188
1085637,2016,222151
1085708,2016,158709
1085718,2016,189718
1085765,2016,196271
1085775,2016,192825
1085832,2016,506047
1085875,2016,192824
1085934,2016,280687
1085942,2016,327359
1085977,2016,219378
1085981,2016,196271
1085996,2016,196271
1086020,2016,193164
1086082,2016,180058
1086083,2016,117359
1086100,2016,206743
1086141,2016,378893
1086145,2016,348868
1086178,2016,218920
1086181,2016,196646
1086188,2016,100466
1086192,2016,124055
1086227,2016,239718
1086256,2016,221271
1086267,2016,157112
1086291,2016,197824
1086302,2016,302281
1086311,2016,193164
1086386,2016,587420
1086451,2016,168369
1086530,2016,130466
1086540,2016,230184
1086580,2016,163012
1086643,2016,90466
1086656,2016,102359
1086662,2016,181543
1086673,2016,240000
1086683,2016,510367
1086685,2016,132359
1086727,2016,216271
1086732,2016,162699
1086754,2016,227824
1086770,2016,127359
1086774,2016,321194
1086786,2016,374439
1086796,2016,158709
1086804,2016,354876
1086817,2016,181144
1086850,2016,280728
1086851,2016,339714
1086855,2016,80805
1086865,2016,159980
1086887,2016,189718
1086952,2016,816998
1087006,2016,280535
1087045,2016,314343
1087125,2016,199718
1087192,2016,561859
1087200,2016,379653
1087224,2016,189718
1087248,2016,255898
1087271,2016,174167
1087290,2016,185774
1087297,2016,157969
1087308,2016,197824
1087341,2016,291240
1087355,2016,140196
1087407,2016,303721
1087408,2016,214378
1087560,2016,154352
1087665,2016,125805
1087683,2016,245075
1087689,2016,130466
1087700,2016,214479
1087713,2016,173369
1087735,2016,151842
1087743,2016,233165
1087781,2016,373086
1087850,2016,246271
1087889,2016,138199
1087972,2016,202570
1087986,2016,425269
1088005,2016,151985
1088076,2016,242539
1088118,2016,134452
1088122,2016,252354
1088123,2016,137316
1088144,2016,220346
1088214,2016,217825
1088215,2016,157613
1088242,2016,165466
1088353,2016,236271
1088377,2016,102733
1088390,2016,206271
1088405,2016,321074
1088419,2016,196788
1088455,2016,558143
1088489,2016,117359
1088517,2016,315320
1088564,2016,281907
1088646,2016,270932
1088683,2016,250774
1088711,2016,178164
1088826,2016,140288
1088902,2016,309413
1088931,2016,104067
1088952,2016,137910
1089056,2016,479742
1089104,2016,422302
1089138,2016,183164
1089167,2016,219345
1089252,2016,130466
1089270,2016,160466
1089404,2016,292825
1089497,2016,221271
1089838,2016,145466
1090116,2016,317825
1090122,2016,86455
1090198,2016,86455
1091641,2016,86455
1091695,2016,86455
1091833,2016,86455
1092085,2016,86455
1092266,2016,86455
1092508,2016,86455
1092560,2016,86455
1092680,2016,86455
1078477,2016,52536
1078483,2016,91937
1078567,2016,110287
1078980,2016,110287
1079329,2016,91937
1079388,2016,110287
1079478,2016,110287
1079777,2016,78803
1079785,2016,110287
1079842,2016,91937
1080518,2016,78803
1080820,2016,91937
1081884,2016,110287
1082186,2016,65670
1082548,2016,110287
1083920,2016,91937
1084178,2016,94532
1077633,2016,122329
1077636,2016,150162
1077677,2016,122329
1077691,2016,122329
1077694,2016,150162
1077703,2016,122329
1077867,2016,167383
1077934,2016,135162
1077966,2016,135162
1078029,2016,182383
1078037,2016,177383
1078061,2016,182383
1078164,2016,135162
1078168,2016,137329
1078186,2016,122329
1078220,2016,122329
1078243,2016,167383
1078360,2016,122329
1078399,2016,147996
1078407,2016,147996
1078494,2016,122329
1078523,2016,150162
1078541,2016,135162
1078671,2016,182383
1078730,2016,182383
1078737,2016,182383
1078752,2016,167383
1078808,2016,182383
1078901,2016,147996
1078985,2016,122329
1079004,2016,122329
1079133,2016,122329
1079136,2016,167383
1079187,2016,162996
1079238,2016,162996
1079257,2016,147996
1079267,2016,137329
1079301,2016,137329
1079352,2016,135162
1079400,2016,167383
1079422,2016,135162
1079438,2016,135162
1079467,2016,122329
1079492,2016,162996
1079561,2016,167383
1079611,2016,135162
1079621,2016,137329
1079646,2016,135162
1079679,2016,182383
1079700,2016,122329
1079715,2016,137329
1079904,2016,122329
1079929,2016,147996
1080001,2016,135162
1080042,2016,167383
1080206,2016,147996
1080321,2016,162996
1080404,2016,137329
1080593,2016,147996
1080806,2016,122329
1080856,2016,182383
1080887,2016,167383
1080963,2016,122329
1081143,2016,167383
1081175,2016,147996
1081288,2016,122329
1081328,2016,122329
1081334,2016,162996
1081356,2016,167383
1081421,2016,122329
1081858,2016,167383
1082045,2016,147996
1082138,2016,182383
1082141,2016,167383
1076729,2016,152574
1076774,2016,169975
1076796,2016,526287
1076817,2016,523059
1082894,2017,102942
1082910,2017,102942
1082922,2017,56932
1082924,2017,102942
1082934,2017,102942
1082989,2017,113863
1083009,2017,113863
1083057,2017,102942
1083090,2017,113863
1083101,2017,45545
1083105,2017,61765
1083136,2017,113863
1083298,2017,113863
1083309,2017,102942
1083311,2017,102942
1083394,2017,102942
1083572,2017,102942
1083656,2017,102942
1083811,2017,113863
1084163,2017,113863
1084254,2017,51471
1084344,2017,113863
1084351,2017,113863
1084417,2017,102942
1084706,2017,102942
1084816,2017,102942
1084927,2017,113863
1085203,2017,113863
1085509,2017,113863
1085662,2017,102942
1085752,2017,102942
1085754,2017,102942
1085842,2017,113863
1085984,2017,102942
1086029,2017,102942
1086825,2017,113863
1086977,2017,102942
1086993,2017,102942
1087062,2017,102942
1087114,2017,113863
1087172,2017,102942
1087836,2017,113863
1087957,2017,102942
1087975,2017,113863
1088737,2017,113863
1088855,2017,102942
1088966,2017,102942
1089039,2017,102942
1089966,2017,102942
1090148,2017,102942
1090221,2017,102942
1090236,2017,113863
1090415,2017,102942
1090440,2017,102942
1090445,2017,113863
1090456,2017,113863
1090505,2017,102942
1090507,2017,102942
1077898,2017,549931
1078046,2017,529942
1078068,2017,690134
1078106,2017,578734
1078190,2017,493158
1078444,2017,506113
1078557,2017,653505
1078579,2017,645933
1078609,2017,500093
1078927,2017,400049
1079022,2017,561986
1079078,2017,627031
1079102,2017,495072
1079421,2017,556675
1079502,2017,611310
1079625,2017,664672
1079648,2017,562692
1079864,2017,572505
1080401,2017,499664
1088279,2017,64651.3
1088295,2017,77359
1088313,2017,77359
1088318,2017,77359
1088334,2017,77359
1088366,2017,77359
1088389,2017,77359
1088426,2017,77359
1088436,2017,77359
1088448,2017,77359
1088449,2017,77359
1088535,2017,77359
1088634,2017,77359
1088673,2017,77359
1088703,2017,77359
1088733,2017,77359
1088735,2017,64651.3
1088738,2017,64651.3
1088785,2017,77359
1088813,2017,77359
1088930,2017,77359
1088964,2017,77359
1089072,2017,77359
1089250,2017,77359
1089395,2017,77359
1089398,2017,46179.5
1089403,2017,77359
1089415,2017,38679.5
1089698,2017,77359
1089718,2017,77359
1089763,2017,77359
1089853,2017,92359
1089898,2017,46179.5
1090035,2017,77359
1090108,2017,77359
1090129,2017,77359
1090146,2017,77359
1090184,2017,77359
1090204,2017,77359
1090229,2017,77359
1090302,2017,64651.3
1090351,2017,77359
1090403,2017,77359
1090408,2017,77359
1090428,2017,92359
1090444,2017,77359
1090462,2017,77359
1090500,2017,46179.5
1090510,2017,92359
1090517,2017,77359
1090521,2017,77359
1090612,2017,77359
1090644,2017,77359
1090648,2017,77359
1090678,2017,64651.3
1090694,2017,84859
1090716,2017,77359
1090759,2017,77359
1090778,2017,84859
1090828,2017,54151.3
1090875,2017,77359
1090888,2017,77359
1090890,2017,77359
1090898,2017,77359
1090904,2017,81109
1090906,2017,46179.5
1090952,2017,77359
1090992,2017,77359
1090993,2017,77359
1090997,2017,92359
1091003,2017,77359
1091006,2017,77359
1091011,2017,77359
1091097,2017,77359
1091158,2017,38679.5
1091211,2017,77359
1091221,2017,77359
1091226,2017,77359
1091257,2017,77359
1091310,2017,77359
1091387,2017,46179.5
1091415,2017,77359
1091418,2017,92359
1091516,2017,77359
1091520,2017,77359
1091536,2017,92359
1091544,2017,77359
1091551,2017,64651.3
1091571,2017,77359
1091586,2017,77359
1091589,2017,77359
1091628,2017,46415.4
1091636,2017,77359
1091657,2017,77359
1091688,2017,77359
1091733,2017,38679.5
1091734,2017,77359
1091751,2017,92359
1091816,2017,77359
1091843,2017,77359
1091855,2017,84859
1091878,2017,77359
1091911,2017,77359
1091948,2017,92359
1091976,2017,77359
1092005,2017,77359
1092023,2017,77359
1092028,2017,92359
1092046,2017,77359
1092066,2017,77359
1092077,2017,77359
1092089,2017,77359
1092136,2017,77359
1092153,2017,46179.5
1092158,2017,77359
1092160,2017,92359
1092170,2017,77359
1092183,2017,77359
1092191,2017,77359
1092264,2017,77359
1092280,2017,77359
1092440,2017,77359
1092451,2017,77359
1092576,2017,92359
1091491,2017,261177.033333333
1092092,2017,321530.458333333
1092499,2017,104887.791666667
1092503,2017,318197.154166667
1092547,2017,411448.033333333
1092674,2017,135662
1092852,2017,195256.956666667
1092933,2017,78354.925
1077750,2017,224718
1077769,2017,242173
1077788,2017,130379
1077789,2017,192824
1077791,2017,156610
1077792,2017,224972
1077799,2017,191271
1077804,2017,125262
1077806,2017,161646
1077859,2017,228656
1077905,2017,197960
1077931,2017,103797
1077989,2017,231271
1078026,2017,945061
1078042,2017,285745
1078065,2017,255728
1078069,2017,254274
1078077,2017,282076
1078113,2017,110883
1078117,2017,193165
1078118,2017,231271
1078134,2017,168539
1078142,2017,255084
1078159,2017,87359
1078214,2017,162428
1078247,2017,130466
1078273,2017,173164
1078280,2017,201271
1078300,2017,130000
1078333,2017,473491
1078345,2017,162016
1078379,2017,217825
1078442,2017,214888
1078464,2017,138369
1078468,2017,207825
1078471,2017,235863
1078600,2017,201672
1078624,2017,516675
1078642,2017,216067
1078643,2017,125992
1078649,2017,614046
1078694,2017,122359
1078697,2017,211271
1078707,2017,240473
1078749,2017,87359
1078756,2017,326953
1078763,2017,175262
1078877,2017,273257
1078879,2017,192994
1078893,2017,191271
1078907,2017,183164
1078918,2017,138823
1078924,2017,160262
1078928,2017,150466
1078930,2017,218210
1078943,2017,221169
1078978,2017,196769
1078987,2017,112359
1079058,2017,228164
1079086,2017,212825
1079089,2017,157036
1079148,2017,390102
1079150,2017,185092
1079157,2017,186369
1079158,2017,224615
1079160,2017,189566
1079179,2017,99853
1079180,2017,193164
1079184,2017,227251
1079193,2017,222825
1079211,2017,175058
1079233,2017,188164
1079234,2017,225431
1079250,2017,173369
1079309,2017,122359
1079318,2017,204378
1079319,2017,286737
1079351,2017,173539
1079362,2017,259818
1079364,2017,251271
1079369,2017,214835
1079460,2017,171953
1079475,2017,206271
1079501,2017,1111074
1079522,2017,164807
1079542,2017,315998
1079583,2017,119652
1079586,2017,219378
1079616,2017,203122
1079645,2017,239446
1079668,2017,329484
1079670,2017,196271
1079671,2017,193164
1079672,2017,218164
1079680,2017,204378
1079696,2017,884980
1079706,2017,197824
1079712,2017,264083
1079720,2017,215787
1079739,2017,177825
1079756,2017,191102
1079762,2017,125466
1079834,2017,288630
1079866,2017,244174
1079891,2017,158369
1079893,2017,221271
1079924,2017,214378
1079930,2017,242417
1079946,2017,227824
1079956,2017,135819
1079995,2017,115906
1080007,2017,155505
1080020,2017,57606
1080036,2017,172155
1080045,2017,197825
1080131,2017,183164
1080146,2017,227484
1080157,2017,136476
1080183,2017,132359
1080186,2017,209888
1080197,2017,184718
1080204,2017,212018
1080246,2017,160185
1080253,2017,280897
1080259,2017,157950
1080274,2017,213265
1080298,2017,329146
1080302,2017,247077
1080307,2017,196102
1080329,2017,209378
1080330,2017,211271
1080387,2017,227825
1080391,2017,171271
1080405,2017,193164
1080465,2017,260388
1080468,2017,160262
1080473,2017,153369
1080491,2017,208164
1080492,2017,221271
1080498,2017,219873
1080505,2017,137359
1080507,2017,163539
1080521,2017,185632
1080530,2017,107359
1080560,2017,203164
1080582,2017,464122
1080587,2017,484344
1080604,2017,392077
1080606,2017,162825
1080652,2017,176271
1080673,2017,163164
1080706,2017,263841
1080746,2017,262009
1080774,2017,146684
1080784,2017,204378
1080920,2017,685524
1080938,2017,89595
1080976,2017,192825
1080985,2017,187825
1080995,2017,217824
1081001,2017,198708
1081013,2017,168539
1081026,2017,566082
1081072,2017,217825
1081151,2017,112359
1081167,2017,146545
1081178,2017,270262
1081182,2017,224378
1081225,2017,211271
1081242,2017,168539
1081252,2017,197825
1081272,2017,211271
1081290,2017,173538
1081312,2017,203165
1081320,2017,293301
1081355,2017,201353
1081373,2017,221271
1081376,2017,249378
1081412,2017,125466
1081433,2017,343114
1081441,2017,184518
1081443,2017,800219
1081453,2017,222825
1081461,2017,122359
1081473,2017,198164
1081478,2017,243379
1081516,2017,212961
1081564,2017,191271
1081603,2017,72359
1081667,2017,193199
1081710,2017,221271
1081718,2017,248538
1081733,2017,229378
1081736,2017,435515
1081743,2017,187767
1081770,2017,183539
1081786,2017,183164
1081801,2017,202825
1081844,2017,214718
1081852,2017,158709
1081869,2017,224378
1081874,2017,199718
1081901,2017,194726
1081911,2017,237297
1081916,2017,333087
1081923,2017,271272
1081933,2017,183164
1081944,2017,273265
1081947,2017,297177
1081954,2017,145262
1081984,2017,230932
1081987,2017,244533
1082022,2017,177825
1082051,2017,187825
1082090,2017,194718
1082127,2017,399061
1082144,2017,193507
1082157,2017,191271
1082159,2017,183165
1082197,2017,257475
1082204,2017,198164
1082215,2017,178539
1082224,2017,174733
1082250,2017,152497
1082253,2017,190246
1082257,2017,212825
1082261,2017,132274
1082271,2017,189745
1082307,2017,98438
1082313,2017,228164
1082317,2017,199718
1082318,2017,142359
1082336,2017,140466
1082342,2017,187825
1082358,2017,226753
1082364,2017,200774
1082383,2017,168164
1082401,2017,224718
1082403,2017,212825
1082406,2017,204189
1082438,2017,365557
1082439,2017,216271
1082450,2017,206271
1082458,2017,145262
1082480,2017,162264
1082524,2017,170932
1082533,2017,240743
1082556,2017,223369
1082570,2017,234120
1082572,2017,196646
1082599,2017,188164
1082600,2017,231271
1082619,2017,153369
1082665,2017,270700
1082668,2017,140003
1082914,2017,217621
1083006,2017,201271
1083010,2017,288881
1083026,2017,105262
1083036,2017,107359
1083054,2017,189718
1083064,2017,129100
1083077,2017,188538
1083079,2017,148369
1083116,2017,204513
1083131,2017,130466
1083138,2017,182359
1083139,2017,193164
1083152,2017,187824
1083172,2017,242883
1083176,2017,197085
1083187,2017,126646
1083192,2017,232297
1083198,2017,214718
1083209,2017,199718
1083307,2017,201271
1083314,2017,156842
1083334,2017,170092
1083405,2017,85466
1083408,2017,335466
1083450,2017,124938
1083456,2017,363010
1083468,2017,181646
1083480,2017,258079
1083495,2017,301263
1083496,2017,153539
1083520,2017,227893
1083536,2017,168164
1083539,2017,162825
1083548,2017,120466
1083569,2017,184718
1083596,2017,192995
1083600,2017,182825
1083612,2017,193164
1083664,2017,98741
1083685,2017,216271
1083690,2017,120466
1083704,2017,211271
1083707,2017,111831
1083744,2017,135262
1083747,2017,214718
1083837,2017,208164
1083855,2017,118924
1083857,2017,215466
1083885,2017,172213
1083896,2017,264174
1083898,2017,138369
1083938,2017,267366
1083942,2017,198164
1083961,2017,246271
1083964,2017,307359
1083980,2017,203369
1084015,2017,263630
1084018,2017,163539
1084032,2017,359031
1084043,2017,122359
1084050,2017,250558
1084052,2017,144595
1084081,2017,182027
1084083,2017,217825
1084130,2017,209887
1084136,2017,135466
1084197,2017,151316
1084230,2017,188164
1084237,2017,154167
1084240,2017,173369
1084244,2017,1430681
1084246,2017,194718
1084248,2017,257354
1084256,2017,196271
1084266,2017,226067
1084267,2017,175058
1084283,2017,217825
1084325,2017,104965
1084342,2017,97359
1084347,2017,135121
1084352,2017,245800
1084376,2017,193159
1084387,2017,74100
1084416,2017,272308
1084429,2017,404806
1084454,2017,218307
1084460,2017,110466
1084462,2017,194718
1084487,2017,208164
1084504,2017,170466
1084509,2017,163556
1084531,2017,165609
1084544,2017,237482
1084560,2017,152359
1084580,2017,144949
1084600,2017,186842
1084604,2017,209531
1084621,2017,204718
1084627,2017,239378
1084648,2017,171646
1084657,2017,590271
1084672,2017,250745
1084739,2017,118438
1084750,2017,102359
1084767,2017,164833
1084772,2017,193164
1084775,2017,211271
1084778,2017,122359
1084782,2017,154652
1084797,2017,234004
1084805,2017,219378
1084869,2017,219718
1084880,2017,176441
1084889,2017,132359
1084893,2017,198164
1084913,2017,283630
1084922,2017,206325
1084941,2017,50651
1084944,2017,187824
1084947,2017,480615
1084952,2017,202887
1084964,2017,226271
1084965,2017,297621
1084967,2017,350466
1084990,2017,242825
1084994,2017,164718
1085014,2017,165262
1085015,2017,203164
1085017,2017,240915
1085018,2017,245915
1085045,2017,206568
1085058,2017,110466
1085062,2017,247999
1085080,2017,292825
1085109,2017,152359
1085130,2017,85466
1085142,2017,275863
1085143,2017,204718
1085151,2017,175262
1085156,2017,203164
1085159,2017,387571
1085191,2017,227825
1085221,2017,122359
1085240,2017,231271
1085272,2017,144045
1085302,2017,244379
1085309,2017,183165
1085310,2017,145262
1085323,2017,243164
1085328,2017,134167
1085331,2017,168164
1085340,2017,102359
1085359,2017,303290
1085364,2017,95534
1085367,2017,235932
1085372,2017,197297
1085403,2017,211271
1085404,2017,103709
1085410,2017,136985
1085411,2017,243920
1085435,2017,214532
1085450,2017,177069
1085460,2017,199906
1085461,2017,131661
1085483,2017,130466
1085531,2017,338650
1085550,2017,532400
1085596,2017,213521
1085606,2017,93027
1085637,2017,220698
1085708,2017,143709
1085718,2017,189718
1085765,2017,196271
1085775,2017,192825
1085832,2017,506047
1085875,2017,192824
1085934,2017,240687
1085942,2017,377359
1085977,2017,219378
1085981,2017,191271
1085996,2017,196271
1086020,2017,198164
1086082,2017,160058
1086083,2017,117359
1086100,2017,201743
1086141,2017,322452
1086145,2017,328868
1086178,2017,223122
1086181,2017,181646
1086188,2017,340805
1086192,2017,134055
1086227,2017,214718
1086256,2017,226271
1086267,2017,157112
1086291,2017,197824
1086302,2017,255829
1086311,2017,203164
1086386,2017,557420
1086451,2017,168369
1086530,2017,129652
1086540,2017,214718
1086580,2017,130092
1086656,2017,138539
1086662,2017,181543
1086673,2017,240000
1086683,2017,503759
1086685,2017,132359
1086727,2017,216271
1086732,2017,167699
1086754,2017,227824
1086770,2017,173369
1086774,2017,163097
1086786,2017,310086
1086796,2017,133709
1086804,2017,349876
1086817,2017,181144
1086850,2017,263835
1086851,2017,389714
1086855,2017,161271
1086865,2017,219980
1086887,2017,204718
1086952,2017,341741
1087006,2017,230535
1087045,2017,314343
1087125,2017,199718
1087192,2017,416598
1087200,2017,330129
1087224,2017,194718
1087248,2017,219718
1087271,2017,179167
1087290,2017,185774
1087297,2017,167969
1087308,2017,197824
1087341,2017,155774
1087355,2017,130196
1087407,2017,145805
1087408,2017,214378
1087560,2017,124352
1087665,2017,105805
1087689,2017,135466
1087700,2017,204479
1087713,2017,173369
1087735,2017,151842
1087743,2017,233165
1087781,2017,368086
1087850,2017,226271
1087889,2017,143199
1087972,2017,202570
1087986,2017,201561
1088005,2017,151985
1088076,2017,237539
1088118,2017,134452
1088122,2017,242354
1088123,2017,172316
1088144,2017,180346
1088214,2017,212825
1088215,2017,157613
1088242,2017,165466
1088353,2017,216271
1088377,2017,77733
1088390,2017,196271
1088419,2017,196788
1088455,2017,518143
1088489,2017,112359
1088517,2017,57733
1088564,2017,249004
1088646,2017,270932
1088683,2017,176831
1088711,2017,183164
1088826,2017,130288
1088902,2017,253750
1088931,2017,104067
1088952,2017,137910
1089056,2017,514742
1089104,2017,423482
1089138,2017,183164
1089167,2017,234345
1089252,2017,140466
1089270,2017,160466
1089404,2017,182825
1089497,2017,221271
1089838,2017,160466
1090116,2017,150466
1078477,2017,52536
1078483,2017,91937
1078567,2017,110287
1078980,2017,110287
1079329,2017,91937
1079388,2017,110287
1079478,2017,110287
1079777,2017,78803
1079785,2017,110287
1079842,2017,91937
1080518,2017,78803
1080820,2017,91937
1081884,2017,110287
1082186,2017,65670
1082548,2017,110287
1083920,2017,91937
1084178,2017,94532
1077633,2017,122329
1077636,2017,150162
1077677,2017,122329
1077691,2017,122329
1077694,2017,150162
1077703,2017,122329
1077867,2017,167383
1077934,2017,135162
1077966,2017,135162
1078029,2017,182383
1078037,2017,177383
1078061,2017,182383
1078164,2017,135162
1078168,2017,137329
1078186,2017,122329
1078220,2017,122329
1078243,2017,167383
1078360,2017,122329
1078399,2017,147996
1078407,2017,147996
1078494,2017,122329
1078523,2017,150162
1078541,2017,135162
1078671,2017,182383
1078730,2017,182383
1078737,2017,182383
1078752,2017,167383
1078808,2017,182383
1078901,2017,147996
1078985,2017,122329
1079004,2017,122329
1079133,2017,122329
1079136,2017,167383
1079187,2017,162996
1079238,2017,162996
1079257,2017,147996
1079267,2017,137329
1079301,2017,137329
1079352,2017,135162
1079400,2017,167383
1079422,2017,135162
1079438,2017,135162
1079467,2017,122329
1079492,2017,162996
1079561,2017,167383
1079611,2017,135162
1079621,2017,137329
1079646,2017,135162
1079679,2017,182383
1079700,2017,122329
1079715,2017,137329
1079904,2017,122329
1079929,2017,147996
1080001,2017,135162
1080042,2017,167383
1080206,2017,147996
1080321,2017,162996
1080404,2017,137329
1080593,2017,147996
1080806,2017,122329
1080856,2017,182383
1080887,2017,167383
1080963,2017,122329
1081143,2017,167383
1081175,2017,147996
1081288,2017,122329
1081328,2017,122329
1081334,2017,162996
1081356,2017,167383
1081421,2017,122329
1081858,2017,167383
1082045,2017,147996
1082138,2017,182383
1082141,2017,167383
1076729,2017,197938
1076774,2017,154975
1076796,2017,339549
1076817,2017,523059
1082894,2018,102942
1082910,2018,102942
1082922,2018,56932
1082924,2018,102942
1082934,2018,102942
1082989,2018,113863
1083009,2018,113863
1083057,2018,102942
1083090,2018,113863
1083101,2018,45546
1083105,2018,61766
1083136,2018,113863
1083298,2018,113863
1083309,2018,102942
1083311,2018,102942
1083394,2018,102942
1083572,2018,102942
1083656,2018,102942
1083811,2018,113863
1084163,2018,113863
1084254,2018,51471
1084344,2018,113863
1084351,2018,113863
1084417,2018,102942
1084706,2018,102942
1084816,2018,102942
1084927,2018,113863
1085203,2018,113863
1085509,2018,113863
1085662,2018,102942
1085752,2018,102942
1085754,2018,102942
1085842,2018,113863
1085984,2018,102942
1086029,2018,102942
1086825,2018,113863
1086977,2018,102942
1086993,2018,102942
1087062,2018,102942
1087114,2018,113863
1087172,2018,102942
1087836,2018,113863
1087957,2018,102942
1087975,2018,113863
1088737,2018,113863
1088855,2018,102942
1088966,2018,102942
1089039,2018,102942
1089966,2018,102942
1090148,2018,102942
1090221,2018,102942
1090236,2018,113863
1090415,2018,102942
1090440,2018,102942
1090445,2018,113863
1090456,2018,113863
1090505,2018,102942
1090507,2018,102942
1077898,2018,351724
1078046,2018,529942
1078068,2018,492136
1078106,2018,558734
1078190,2018,493158
1078444,2018,485357
1078557,2018,632708
1078579,2018,416242
1078609,2018,500093
1078927,2018,364475
1079022,2018,486077
1079078,2018,484398
1079102,2018,495072
1079421,2018,456381
1079502,2018,569291
1079625,2018,448221
1079648,2018,541965
1079864,2018,490487
1080401,2018,459190
1088279,2018,64651.3
1088295,2018,77359
1088313,2018,77359
1088318,2018,77359
1088334,2018,77359
1088366,2018,77359
1088389,2018,77359
1088426,2018,77359
1088436,2018,77359
1088448,2018,77359
1088449,2018,77359
1088535,2018,77359
1088634,2018,77359
1088673,2018,77359
1088703,2018,77359
1088733,2018,77359
1088735,2018,64651.3
1088738,2018,64651.3
1088785,2018,77359
1088813,2018,77359
1088930,2018,77359
1088964,2018,77359
1089072,2018,77359
1089250,2018,77359
1089395,2018,77359
1089398,2018,46179.5
1089403,2018,77359
1089415,2018,38679.5
1089698,2018,77359
1089718,2018,77359
1089763,2018,77359
1089853,2018,92359
1089898,2018,46179.5
1090035,2018,77359
1090108,2018,77359
1090129,2018,77359
1090146,2018,77359
1090184,2018,77359
1090204,2018,77359
1090229,2018,77359
1090302,2018,64651.3
1090351,2018,77359
1090403,2018,77359
1090408,2018,77359
1090428,2018,92359
1090444,2018,77359
1090462,2018,77359
1090500,2018,46179.5
1090510,2018,92359
1090517,2018,77359
1090521,2018,77359
1090612,2018,77359
1090644,2018,77359
1090648,2018,77359
1090678,2018,64651.3
1090694,2018,84859
1090716,2018,77359
1090759,2018,77359
1090778,2018,84859
1090828,2018,54151.3
1090875,2018,77359
1090888,2018,77359
1090890,2018,77359
1090898,2018,77359
1090904,2018,81109
1090906,2018,46179.5
1090952,2018,77359
1090992,2018,77359
1090993,2018,77359
1090997,2018,92359
1091003,2018,77359
1091006,2018,77359
1091011,2018,77359
1091097,2018,77359
1091158,2018,38679.5
1091211,2018,77359
1091221,2018,77359
1091226,2018,77359
1091257,2018,77359
1091310,2018,77359
1091387,2018,46179.5
1091415,2018,77359
1091418,2018,92359
1091516,2018,77359
1091520,2018,77359
1091536,2018,92359
1091544,2018,77359
1091551,2018,64651.3
1091571,2018,77359
1091586,2018,77359
1091589,2018,77359
1091628,2018,46415.4
1091636,2018,77359
1091657,2018,77359
1091688,2018,77359
1091733,2018,38679.5
1091734,2018,77359
1091751,2018,92359
1091816,2018,77359
1091843,2018,77359
1091855,2018,84859
1091878,2018,77359
1091911,2018,77359
1091948,2018,92359
1091976,2018,77359
1092005,2018,77359
1092023,2018,77359
1092028,2018,92359
1092046,2018,77359
1092066,2018,77359
1092077,2018,77359
1092089,2018,77359
1092136,2018,77359
1092153,2018,46179.5
1092158,2018,77359
1092160,2018,92359
1092170,2018,77359
1092183,2018,77359
1092191,2018,77359
1092264,2018,77359
1092280,2018,77359
1092440,2018,77359
1092451,2018,77359
1092576,2018,92359
1092499,2018,71873.1666666667
1092503,2018,300838.616666667
1092547,2018,331505.1125
1092674,2018,105855
1092852,2018,192187.460833333
1077750,2018,158538
1077769,2018,242173
1077788,2018,90466
1077799,2018,191271
1077859,2018,228656
1077989,2018,130805
1078026,2018,945061
1078042,2018,179565
1078069,2018,254274
1078077,2018,201169
1078113,2018,121722
1078117,2018,193165
1078142,2018,189433
1078214,2018,141062
1078333,2018,478491
1078345,2018,162416
1078442,2018,178709
1078471,2018,98914
1078600,2018,201672
1078624,2018,306794
1078649,2018,484244
1078707,2018,210473
1078756,2018,326953
1078877,2018,123539
1078907,2018,97359
1078918,2018,61180
1078930,2018,218210
1078943,2018,221169
1078978,2018,78913
1079086,2018,103913
1079148,2018,464029
1079157,2018,173369
1079160,2018,189566
1079179,2018,106561
1079184,2018,197251
1079362,2018,281737
1079501,2018,1086074
1079522,2018,52760
1079616,2018,203122
1079668,2018,187584
1079670,2018,196271
1079696,2018,884980
1079720,2018,137341
1079834,2018,288630
1079866,2018,209561
1079956,2018,43415
1080186,2018,92189
1080204,2018,224838
1080253,2018,170092
1080259,2018,147950
1080307,2018,196102
1080330,2018,241271
1080498,2018,219873
1080521,2018,123273
1080582,2018,482526
1080587,2018,484344
1080604,2018,392077
1080606,2018,127274
1080652,2018,176271
1080706,2018,281670
1080920,2018,505524
1081001,2018,142482
1081026,2018,555228
1081151,2018,15000
1081167,2018,112359
1081242,2018,163539
1081290,2018,173538
1081355,2018,82587
1081373,2018,216271
1081376,2018,214378
1081433,2018,289953
1081443,2018,399885
1081473,2018,188164
1081478,2018,198379
1081667,2018,193199
1081733,2018,229378
1081743,2018,23547
1081770,2018,193539
1081869,2018,204378
1081901,2018,164726
1081911,2018,78373
1081916,2018,286907
1081923,2018,170092
1081944,2018,273265
1081987,2018,244533
1082215,2018,173539
1082224,2018,155262
1082253,2018,185246
1082257,2018,212825
1082271,2018,199745
1082307,2018,98438
1082317,2018,199718
1082336,2018,145466
1082401,2018,224718
1082403,2018,212825
1082406,2018,204189
1082438,2018,220557
1082599,2018,188164
1082665,2018,220700
1082668,2018,140003
1082914,2018,184460
1083010,2018,162702
1083054,2018,189718
1083064,2018,89100
1083116,2018,219113
1083172,2018,297883
1083176,2018,182085
1083192,2018,217825
1083198,2018,224718
1083209,2018,199718
1083456,2018,198010
1083480,2018,172613
1083495,2018,266263
1083548,2018,120466
1083596,2018,192995
1083747,2018,224718
1083837,2018,208164
1083896,2018,148708
1083964,2018,107359
1084032,2018,161006
1084050,2018,250558
1084197,2018,103957
1084237,2018,144167
1084244,2018,396969
1084283,2018,217825
1084376,2018,207080
1084429,2018,199138
1084454,2018,208307
1084544,2018,149392
1084657,2018,323775
1084739,2018,162910
1084797,2018,192824
1084869,2018,214718
1084880,2018,156441
1084952,2018,107887
1084965,2018,272621
1084967,2018,350466
1084990,2018,272825
1085015,2018,137359
1085018,2018,227825
1085062,2018,242999
1085151,2018,175262
1085240,2018,221271
1085272,2018,143369
1085309,2018,168165
1085323,2018,208164
1085359,2018,303290
1085367,2018,230932
1085404,2018,77359
1085411,2018,233920
1085435,2018,214532
1085460,2018,199906
1085461,2018,81919
1085531,2018,163650
1085550,2018,80277
1085596,2018,213521
1085708,2018,153539
1085832,2018,295524
1085942,2018,327359
1086082,2018,247077
1086141,2018,90449
1086145,2018,266271
1086188,2018,105736
1086256,2018,181271
1086311,2018,203164
1086386,2018,587420
1086451,2018,163369
1086656,2018,133539
1086662,2018,171543
1086683,2018,506353
1086732,2018,172699
1086804,2018,339876
1086850,2018,263835
1086851,2018,284714
1086865,2018,252343
1086887,2018,80000
1086952,2018,265764
1087045,2018,108897
1087192,2018,616182
1087224,2018,209718
1087248,2018,183539
1087297,2018,172969
1087781,2018,338086
1087889,2018,138199
1088005,2018,151985
1088455,2018,288143
1088683,2018,191831
1088931,2018,109067
1089056,2018,374742
1089104,2018,496215
1089138,2018,183164
1089270,2018,170466
1089838,2018,150466
1078477,2018,52536
1078483,2018,91937
1078567,2018,110287
1078980,2018,110287
1079329,2018,91937
1079388,2018,110287
1079478,2018,110287
1079777,2018,78803
1079785,2018,110287
1079842,2018,91937
1080518,2018,78803
1080820,2018,91937
1081884,2018,110287
1082186,2018,65670
1082548,2018,110287
1083920,2018,91937
1084178,2018,94532
1077633,2018,122329
1077636,2018,150162
1077677,2018,122329
1077691,2018,122329
1077694,2018,150162
1077703,2018,122329
1077867,2018,167383
1077934,2018,135162
1077966,2018,135162
1078029,2018,182383
1078037,2018,177383
1078061,2018,182383
1078164,2018,135162
1078168,2018,137329
1078186,2018,122329
1078220,2018,122329
1078243,2018,167383
1078360,2018,122329
1078399,2018,147996
1078407,2018,147996
1078494,2018,122329
1078523,2018,150162
1078541,2018,135162
1078671,2018,182383
1078730,2018,182383
1078737,2018,182383
1078752,2018,167383
1078808,2018,182383
1078901,2018,147996
1078985,2018,122329
1079004,2018,122329
1079133,2018,122329
1079136,2018,167383
1079187,2018,162996
1079238,2018,162996
1079257,2018,147996
1079267,2018,137329
1079301,2018,137329
1079352,2018,135162
1079400,2018,167383
1079422,2018,135162
1079438,2018,135162
1079467,2018,122329
1079492,2018,162996
1079561,2018,167383
1079611,2018,135162
1079621,2018,137329
1079646,2018,135162
1079679,2018,182383
1079700,2018,122329
1079715,2018,137329
1079904,2018,122329
1079929,2018,147996
1080001,2018,135162
1080042,2018,167383
1080206,2018,147996
1080321,2018,162996
1080404,2018,137329
1080593,2018,147996
1080806,2018,122329
1080856,2018,182383
1080887,2018,167383
1080963,2018,122329
1081143,2018,167383
1081175,2018,147996
1081288,2018,122329
1081328,2018,122329
1081334,2018,162996
1081356,2018,167383
1081421,2018,122329
1081858,2018,167383
1082045,2018,147996
1082138,2018,182383
1082141,2018,167383
1076729,2018,51287
1076774,2018,169975
1076817,2018,397484
1077898,2019,300573
1078046,2019,473126
1078068,2019,311042
1078106,2019,351098
1078190,2019,493157
1078444,2019,485356
1078557,2019,437578
1078579,2019,290185
1078609,2019,500095
1078927,2019,364474
1079022,2019,382439
1079078,2019,412216
1079102,2019,495073
1079421,2019,328182
1079502,2019,365509
1079625,2019,297760
1079648,2019,430088
1079864,2019,385440
1080401,2019,488281
1092499,2019,70085.125
1092503,2019,61627.1333333333
1092547,2019,183898.733333333
1092852,2019,158735.545833333
1077859,2019,82646
1078026,2019,402027
1078069,2019,138638
1078113,2019,126052
1078142,2019,136871
1078333,2019,405604
1078600,2019,241672
1078624,2019,47733
1078756,2019,326953
1078930,2019,225304
1079148,2019,473348
1079157,2019,173369
1079160,2019,184566
1079179,2019,74853
1079184,2019,207251
1079362,2019,139013
1079501,2019,338743
1079696,2019,554980
1079866,2019,239174
1080259,2019,182137
1080521,2019,83273
1080582,2019,425630
1080587,2019,484344
1080606,2019,122274
1080652,2019,176271
1080706,2019,225366
1080920,2019,328077
1081001,2019,178662
1081026,2019,130092
1081443,2019,481065
1081667,2019,265558
1081911,2019,78373
1081916,2019,281907
1082253,2019,170246
1082271,2019,184745
1082307,2019,98415
1082406,2019,204189
1082665,2019,240700
1082668,2019,145003
1083054,2019,87359
1083172,2019,247883
1083192,2019,217825
1083456,2019,65651
1083837,2019,208164
1084032,2019,105736
1084197,2019,98957
1084283,2019,217825
1084454,2019,246194
1084952,2019,202887
1084965,2019,267621
1084990,2019,232825
1085062,2019,126819
1085460,2019,199906
1085461,2019,64826
1085531,2019,90763
1085832,2019,87733
1086386,2019,321179
1086683,2019,460262
1086732,2019,177699
1086804,2019,199071
1086851,2019,284714
1086952,2019,265037
1087192,2019,218639
1087224,2019,117359
1087781,2019,333086
1087889,2019,138199
1088455,2019,519510
1088683,2019,31708
1088931,2019,150246
1089056,2019,407263
1089104,2019,466215
1089138,2019,183164
1078477,2019,52536
1078483,2019,91937
1078567,2019,110287
1078980,2019,110287
1079329,2019,91937
1079388,2019,110287
1079478,2019,110287
1079777,2019,78803
1079785,2019,110287
1079842,2019,91937
1080518,2019,78803
1080820,2019,91937
1081884,2019,110287
1082186,2019,65670
1082548,2019,110287
1083920,2019,91937
1084178,2019,94532
1077633,2019,122329
1077636,2019,150162
1077677,2019,122329
1077691,2019,122329
1077694,2019,150162
1077703,2019,122329
1077867,2019,167383
1077934,2019,135162
1077966,2019,135162
1078029,2019,182383
1078037,2019,177383
1078061,2019,182383
1078164,2019,135162
1078168,2019,137329
1078186,2019,122329
1078220,2019,122329
1078243,2019,167383
1078360,2019,122329
1078399,2019,147996
1078407,2019,147996
1078494,2019,122329
1078523,2019,150162
1078541,2019,135162
1078671,2019,182383
1078730,2019,182383
1078737,2019,182383
1078752,2019,167383
1078808,2019,182383
1078901,2019,147996
1078985,2019,122329
1079004,2019,122329
1079133,2019,122329
1079136,2019,167383
1079187,2019,162996
1079238,2019,162996
1079257,2019,147996
1079267,2019,137329
1079301,2019,137329
1079352,2019,135162
1079400,2019,167383
1079422,2019,135162
1079438,2019,135162
1079467,2019,122329
1079492,2019,162996
1079561,2019,167383
1079611,2019,135162
1079621,2019,137329
1079646,2019,135162
1079679,2019,182383
1079700,2019,122329
1079715,2019,137329
1079904,2019,122329
1079929,2019,147996
1080001,2019,135162
1080042,2019,167383
1080206,2019,147996
1080321,2019,162996
1080404,2019,137329
1080593,2019,147996
1080806,2019,122329
1080856,2019,182383
1080887,2019,167383
1080963,2019,122329
1081143,2019,167383
1081175,2019,147996
1081288,2019,122329
1081328,2019,122329
1081334,2019,162996
1081356,2019,167383
1081421,2019,122329
1081858,2019,167383
1082045,2019,147996
1082138,2019,182383
1082141,2019,167383
1076774,2019,169975
1076817,2019,57353
